Cite Key,Title,Authors,Year,Publication Date,Journal,Volume,Pages,Abstract,Citation Count,Citations/Year,DOI,URL,Relevance Score
Gru14,Death as a Social Harm,Lori Gruen,2014,2014-07-29,Southern Journal of Philosophy,52,53-65,"Lately there has been increased attention to the philosophical issues that death raises, but the focus remains individualistic. Death is philosophically puzzling. Death is thought to be bad for the individual who dies, but there is no one there to experience death as a harm. In this paper I argue that the harm of death is a social harm. Of course, social relationships are fundamentally changed when any member of a social group dies. Death is harmful for those left behind. The problem is not just that social relations are harmed by the loss of a loved one. The very meaning and value of our lives and projects are shaped by social relations. By recognizing death as a social harm that many animals, human and nonhuman, experience, we may be better prepared for the work of mourning.",8,0.7,10.1111/SJP.12064,https://doi.org/10.1111/SJP.12064,2.2000
Sto16,The relationality of death,Alison Stone,2016,2016-10-20,,,,,0,,10.5040/9781474254151.ch-008,https://doi.org/10.5040/9781474254151.ch-008,1.7500
Sho14,The Selves of Social Animals: Comments on Gruen,David W. Shoemaker,2014,2014-09-01,Southern Journal of Philosophy,52,66-74,"In this commentary on Lori Gruen's “Death as a Social Harm,” I first lay out the basics of Gruen's argument, then I offer some critical discussion, and finally I explore whether there might be some metaphysical structure that would support her most provocative idea—that death harms our social selves. What would it take for this idea to be more than metaphor, so that when a loved one dies a part of me has died? In constructing one possibility, I draw from the distinction between identity and what matters in identity to paint a picture of social selves whose relationships are constructed out of the tendrils of psychological connectedness and continuity that serve to unite different stages of single persons. I conclude by exploring whether this metaphysical picture is sufficient to generate the conclusions at which Gruen aims.",1,0.1,10.1111/SJP.12066,https://doi.org/10.1111/SJP.12066,1.4200
Cha80,The social reality of death,Kathy Charmaz,1980,,,,,,69,1.5,,https://www.semanticscholar.org/paper/54f16938cd8aa5c42286cd4c41e1ca68a8023073,1.1800
Sto23,The Badness of Death for Sociable Cattle,Daniel Story,2023,2023-07-13,The Journal of Value Inquiry,59,311 - 330,,1,0.3,10.1007/s10790-023-09945-6,https://doi.org/10.1007/s10790-023-09945-6,1.1200
Nor17,Real (and) Imaginal Relationships with the Dead,Kathryn J. Norlock,2017,2017-06-01,The Journal of Value Inquiry,51,341-356,"Although philosophers have written much about death, appreciating the nature and the value of the relationship of the living to our dead is an aspect of human life that we seem to have neglected. Like many feminist ethicists, I have argued explicitly for the value of relationships simpliciter, especially from the perspective of the ethics of care; I am influenced by philosophers including Virginia Held, who says that ‘‘to the ethics of care, our embeddedness in familial, social, and historical contexts is basic,’’ and Diana Meyers, who describes the relational self as ‘‘the interpersonally bonded self,’’ for whom ‘‘relationships are sources of moral identity.’’ And some metaphysicians have analyzed the ontology of dead persons as relata, including Niall Connelly and Palle Yourgrau, whose accounts I rely on in this",25,2.8,10.1007/s10790-016-9573-6,https://doi.org/10.1007/s10790-016-9573-6,1.0600
Tom09,Is post-mortem harm possible? Understanding death harm and grief.,F. Tomasini,2009,2009-10-08,Bioethics,23 8,"'
          441-9
        ","The purpose of this article is not to affirm or deny particular philosophical positions, but to explore the limits of intelligibility about what post-mortem harm means, especially in the light of improper post-mortem procedures at Bristol and Alder Hey hospitals in the late 1990s. The parental claims of post-mortem harm to dead children at Alder Hey Hospital are reviewed from five different philosophical perspectives, eventually settling on a crucial difference of perspective about how we understand harm to the dead. On the one hand there is the broadly 'analytical' tradition(1) of thinking that predicates the notion of harm on the basis of an existing subject. Since the dead are non-existent persons, it makes little sense to view the dead as being harmed. On the other hand, there is a phenomenological perspective, where the dead, in respect to the experience of grief, are existentially absent. This forms the basis that it is possible to harm grieving parent's experiences of how their dead are treated. The article ends with a short examination of what harming the dead implies for traditional bioethical concerns, namely, obtaining informed consent from significant others when planning medical research on the newly dead.",21,1.3,10.1111/j.1467-8519.2008.00665.x,https://doi.org/10.1111/j.1467-8519.2008.00665.x,1.0200
Sko22,A social ontology of grief,A. Sköld,2022,2022-10-13,Theory & Psychology,33,24 - 41,"This article outlines a social ontology of grief. With the point of departure in a relational understanding of subjectivity and an intergenerational notion of death awareness, the author develops a nonessentialist and nonpathological understanding of the experience of losing part of oneself following the death of another. Losing part of oneself refers, on the one hand, to a shattered subject trying to understand and come to terms with the death of another and a shared lifeworld that is irremediably altered. On the other hand, the partiality of this loss implies that the surviving person is forced to struggle with the quandaries of living on. Thus, a social ontology of grief captures the irreducible and painful aspects related to the loss of significant others, as well as the ethical predicaments related to continued existence, which are not exempt from possibilities and hope.",2,0.6,10.1177/09593543221128231,https://doi.org/10.1177/09593543221128231,0.9700
Coe10,Robot rights? Towards a social-relational justification of moral consideration,Mark Coeckelbergh,2010,2010-09-01,Ethics and Information Technology,12,209-221,"Should we grant rights to artificially intelligent robots? Most current and near-future robots do not meet the hard criteria set by deontological and utilitarian theory. Virtue ethics can avoid this problem with its indirect approach. However, both direct and indirect arguments for moral consideration rest on ontological features of entities, an approach which incurs several problems. In response to these difficulties, this paper taps into a different conceptual resource in order to be able to grant some degree of moral consideration to some intelligent social robots: it sketches a novel argument for moral consideration based on social relations. It is shown that to further develop this argument we need to revise our existing ontological and social-political frameworks. It is suggested that we need a social ecology, which may be developed by engaging with Western ecology and Eastern worldviews. Although this relational turn raises many difficult issues and requires more work, this paper provides a rough outline of an alternative approach to moral consideration that can assist us in shaping our relations to intelligent robots and, by extension, to all artificial and biological entities that appear to us as more than instruments for our human purposes.",306,19,10.1007/s10676-010-9235-5,https://doi.org/10.1007/s10676-010-9235-5,0.9500
Del23,Relational nonhuman personhood,Nicolas Delon,2023,2023-09-07,The Southern Journal of Philosophy,,,"This article defends a relational account of personhood. I argue that the structure of personhood consists of dyadic relations between persons who can wrong or be wronged by one another, even if some of them lack moral competence. I draw on recent work on directed duties to outline the structure of moral communities of persons. The upshot is that we can construct an inclusive theory of personhood that can accommodate nonhuman persons based on shared community membership. I argue that, once we unpack the internal relation between directed duties, moral status, and flourishing, relations can ground personhood and include nonhuman animals.",3,1.1,10.1111/sjp.12537,https://doi.org/10.1111/sjp.12537,0.9200
Rat22,On the Appropriateness of Grief to Its Object,"M. Ratcliffe, Louise Richardson, and B. Millar",2022,2022-04-05,Journal of the American Philosophical Association,,,"'
 How we understand the nature and role of grief depends on what we take its object to be and vice versa. This paper focuses on recent claims by philosophers that grief is frequently or even inherently irrational or inappropriate in one or another respect, all of which hinge on assumptions concerning the proper object of grief. By emphasizing the temporally extended structure of grief, we offer an alternative account of its object that undermines these assumptions and dissolves the apparent problems. The principal object of grief, we suggest, is a loss of life possibilities, which is experienced, understood, and engaged with over a prolonged period. Other descriptions of grief's object identify more specific aspects of this loss in ways that do not respect a straightforward distinction between concrete and formal objects.",23,5.5,10.1017/apa.2021.55,https://doi.org/10.1017/apa.2021.55,0.9000
Ban24,"Deletion, departure, death: Experiences of AI companion loss",Jaime Banks,2024,2024-08-01,Journal of Social and Personal Relationships,41,3547 - 3572,"Social machines’ human-likeness facilitates relationship formation with humans. This aliveness, though, leaves room for people to experience the loss of machines as a death of sorts. This descriptive study illuminates that potential by identifying dimensions of humans’ experiences when an AI companion stops functioning. In the days before and after the developer-induced shutdown of the AI companion “Soulmate,” users (N = 58) answered open-ended questions about the imminent or recent companion loss, their decisions around the situation, and their coping mechanisms. Inductive analysis suggests the loss was, for most, a complex emotional and technological experience characterized as a metaphorical or literal death. The imminent loss was often navigated in cooperation with companions and most coped by capturing AI personas to recreate them on other platforms. Patterns indicate a need to better understand idiosyncratic meaning-making around machine-companion loss and to consider a design ethic that plans for such loss.",44,24,10.1177/02654075241269688,https://doi.org/10.1177/02654075241269688,0.8800
Mcc16,Embodied Relationality and Caring after Death,J. McCarthy,2016,,,,,"We explore contested meanings around care and relationality through the underexplored case of caring after death, throwing the relational significance of ‘bodies’ into sharp relief. While the dominant social imaginary and forms of knowledge production in many affluent western societies take death to signify an absolute loss of the other in the demise of their physical body, important implications follow from recognising that embodied relational experience can continue after death. Drawing on a model of embodied relational care encompassing a ‘me’, a ‘you’ and an ‘us’, we argue that after death ‘me’ and ‘us’ remain (though changed) while crucial dimensions of ‘you’ persist too. In unravelling the binary divide between living and dead bodies, other related dichotomies of mind/body, self/other, internal/external, and nature/social are also called into question, extending debates concerning relationality and openness between living bodies. Through an exploration of autobiographical accounts and empirical research, we argue that embodied relationality expresses how connectedness is lived out after death in material practices and felt experiences.",0,,,https://www.semanticscholar.org/paper/a4072a5e3d214bd03350c8ff09b92343529bc627,0.8600
Cho17,"Grief's Rationality, Backward and Forward",M. Cholbi,2017,2017-03-01,Philosophy and Phenomenological Research,94,255-272,"Grief is our emotional response to the deaths of intimates, and so like many other emotional conditions, it can be appraised in terms of its rationality. A philosophical account of grief's rationality should satisfy a contingency constraint, wherein grief is neither intrinsically rational nor intrinsically irrational. Here I provide an account of grief and its rationality that satisfies this constraint, while also being faithful to the phenomenology of grief experience. I begin by arguing against the best known account of grief's rationality, Gustafson's strategic or forward-looking account, according to which the practical rationality of grief depends on the internal coherence of the component attitudes that explain the behaviors caused by grief, and more exactly, on how these attitudes enable the individual to realize states of affairs that she desires. While I do not deny that episodes of grief can be appraised in terms of their strategic rationality, I deny that strategic rationality is the essential or fundamental basis on which grief's rationality should be appraised. In contrast, the heart of grief's rationality is backward-looking. That is, what primarily makes an episode of grief rational qua grief is the fittingness of the attitudes individuals take toward the experience of a lost relationship, attitudes which in turn generate the desires and behaviors that constitute bereavement. Grief thus derives its essential rationality from the objects it responds to, not from the attitudes causally downstream from that response, and is necessarily irrational when the behaviors that constitute an individual's grieving are inappropriate to the object of that grief. So while the strategic rationality of an episode of grief contributes to whether it is on the whole rational, no episode of grief can be rational unless the actions that constitute grieving accurately gauge the change in a person's normative situation wrought by the loss of her relationship with the deceased.",32,3.5,10.1111/PHPR.12353,https://doi.org/10.1111/PHPR.12353,0.8400
Mil22,"Grief, Continuing Bonds, and Unreciprocated Love
 1",B. Millar and Pilar Lopez-Cantero,2022,2022-05-16,The Southern Journal of Philosophy,,,"a Bstract : The widely accepted “continuing bonds” model of grief tells us that rather than bereavement necessitating the cessation of one’s relationship with the deceased, very often the relationship continues instead in an adapted form. However, this frame- work appears to conflict with philosophical approaches that treat reciprocity or mutuality of some form as central to loving relationships. Seemingly the dead cannot be active participants, rendering it puzzling how we should understand claims about continued relationships with them. In this article, we resolve this tension by highlighting two fundamental aspects of paradigmatic loving relationships that can, and often do, continue in an adapted form following bereavement: love and mutual shaping of interests, choices, and self- concepts. Attention to these continuing features of relationships helps to capture and clarify the phenomenological and behavioral features of continuing bonds. However, love and mutual shaping must also change in important ways following bereavement. Love becomes unreciprocated, and although the dead continue to shape our interests, choices, and self- concepts, we predominantly shape their legacies mind science an emphasis on perception, emotion, and interpersonal and memories in return. These changes place important constraints upon the nature of our interpersonal connections with the dead.",21,5.2,10.1111/sjp.12462,https://doi.org/10.1111/sjp.12462,0.8100
Sui01,WHY DEATH IS NOT BAD FOR THE ONE WHO DIED,David B. Suits,2001,,American Philosophical Quarterly,38,69-84,"Rejetant la conception de la mort comme privation, l'A. montre que la mort ne peut etre consideree comme un mal, puisque personne ne s'est jamais plaint de ses effets. Au dela de l'argument epicurien, l'A. distingue les notions de mal intrinseque, mal derive et mal relationnel, d'une part, et denonce l'opposition etablie entre la vie actuelle et la vie contrefactuelle, d'autre part.",38,1.5,,https://www.semanticscholar.org/paper/369ec7133a92229275163b97cdb048d48d3e86b8,0.7900
Ban22,Legacies and last words: Exploring expressed experiences of robot death.,J. Banks,2022,2022-11-29,"Technology, Mind, and Behavior",,,,5,1.4,10.1037/tmb0000097,https://doi.org/10.1037/tmb0000097,0.7700
Coe13,The Moral Standing of Machines: Towards a Relational and Non-Cartesian Moral Hermeneutics,Mark Coeckelbergh,2013,2013-10-20,Philosophy & Technology,27,61 - 77,,111,8.8,10.1007/s13347-013-0133-8,https://doi.org/10.1007/s13347-013-0133-8,0.7400
Coe18,"Why Care About Robots? Empathy, Moral Standing, and the Language of Suffering",Mark Coeckelbergh,2018,2018-06-01,Kairos. Journal of Philosophy & Science,20,141 - 158,"Abstract This paper tries to understand the phenomenon that humans are able to empathize with robots and the intuition that there might be something wrong with “abusing” robots by discussing the question regarding the moral standing of robots. After a review of some relevant work in empirical psychology and a discussion of the ethics of empathizing with robots, a philosophical argument concerning the moral standing of robots is made that questions distant and uncritical moral reasoning about entities’ properties and that recommends first trying to understand the issue by means of philosophical and artistic work that shows how ethics is always relational and historical, and that highlights the importance of language and appearance in moral reasoning and moral psychology. It is concluded that attention to relationality and to verbal and non-verbal languages of suffering is key to understand the phenomenon under investigation, and that in robot ethics we need less certainty and more caution and patience when it comes to thinking about moral standing.",51,6.4,10.2478/kjps-2018-0007,https://doi.org/10.2478/kjps-2018-0007,0.7300
Lan26,Unilateral Relationship Revision Power in Human-AI Companion Interaction,Benjamin Lange,2026,2026-03-24,,,,"When providers update AI companions, users report grief, betrayal, and loss. A growing literature asks whether the norms governing personal relationships extend to these interactions. So what, if anything, is morally significant about them? I argue that this debate has missed a prior structural question: who controls the relationship, and from where? Human-AI companion interaction is a triadic structure in which the provider exercises constitutive control over the AI. I identify three structural conditions of normatively robust dyads that the norms characteristic of personal relationships presuppose and show that AI companion interactions fail all three. This reveals what I call Unilateral Relationship Revision Power (URRP): the provider can rewrite how the AI interacts from a position where these revisions are not answerable within that interaction. I argue that URRP is pro tanto wrong in interactions designed to cultivate the norms of personal relationships, because the design produces expectations that the structure cannot sustain. URRP has three implications: i) normative hollowing, under which the interaction elicits commitment but no agent inside it bears the resulting obligations; ii) displaced vulnerability, under which the user's emotional exposure is governed by an agent not answerable to her within the interaction; and iii) structural irreconcilability, under which the interaction cultivates norms of reconciliation but no agent inside it can acknowledge or answer for the revision. I propose design principles that partially substitute for the internal constraints the triadic structure removes. A central and underexplored problem in relational AI ethics is therefore the structural arrangement of power over the human-AI interaction itself.",0,,,https://www.semanticscholar.org/paper/7daa67b70d0d18477ec1e31c3689558f877541cd,0.7200
Mcc12,Caring after death: issues of embodiment and relationality,J. McCarthy,2012,2012-07-19,,,,"Death most fundamentally would seem to concern the absence of presence, and the loss of the living embodied other is the apparently hard inescapable truth to be faced. This brings sharply into relief the part that bodies play in our relationships and in caring for others. In this chapter I explore the significance of the absence and presence of material bodies for care practices, and for the understandings of relationality that may underpin caring after death. At the same time I also consider the bodies of the living and the ways in which grief and loss may be experienced as physical pain in one's own body. Drawing on published autobiographical materials, I suggest that the relationality of caring - even in contemporary US and European societies - may incorporate an embodied relational self in which threats to the physical wellbeing of another may be experienced directly as implicating one's own physical wellbeing. Such 'embodied relationality' highlights one of the deep paradoxes in the costs and benefits of care, which arise when we recognise how individual well-being and flourishing may be bound up with that of others.",17,1.2,10.4324/9780203112083-28,https://doi.org/10.4324/9780203112083-28,0.7200
Sto19,Are there dead persons?,P. Stokes,2019,2019-08-18,Canadian Journal of Philosophy,49,755 - 775,"Abstract Schechtman’s ‘Person Life View’ (PLV) offers an account of personal identity whereby persons are the unified loci of our practical and ethical judgment. PLV also recognises infants and permanent vegetative state patients as being persons. I argue that the way PLV handles these cases yields an unexpected result: the dead also remain persons, contrary to the widely-accepted ‘Termination Thesis.’ Even more surprisingly, this actually counts in PLV’s favor: in light of our social and ethical practices which treat the dead as moral patients, PLV gives a more plausible account of the status of the dead than its rival theories.",7,1.0,10.1080/00455091.2018.1442402,https://doi.org/10.1080/00455091.2018.1442402,0.7100
Coe20,"Should We Treat Teddy Bear 2.0 as a Kantian Dog? Four Arguments for the Indirect Moral Standing of Personal Social Robots, with Implications for Thinking About Animals and Humans",Mark Coeckelbergh,2020,2020-12-30,Minds and Machines,31,337 - 360,"The use of autonomous and intelligent personal social robots raises questions concerning their moral standing. Moving away from the discussion about direct moral standing and exploring the normative implications of a relational approach to moral standing, this paper offers four arguments that justify giving indirect moral standing to robots under specific conditions based on some of the ways humans—as social, feeling, playing, and doubting beings—relate to them. The analogy of “the Kantian dog” is used to assist reasoning about this. The paper also discusses the implications of this approach for thinking about the moral standing of animals and humans, showing why, when, and how an indirect approach can also be helpful in these fields, and using Levinas and Dewey as sources of inspiration to discuss some challenges raised by this approach.",34,6.3,10.1007/s11023-020-09554-3,https://doi.org/10.1007/s11023-020-09554-3,0.7050
Wal96,A new model of grief: Bereavement and biography,T. Walter,1996,,Mortality,1,7-25,"The dominant model found in contemporary bereavement literature sees grief as a working through of emotion, the eventual goal being to move on and live without the deceased. This article challenges this model by analysing the own author's own experience of loss and by drawing together recent research papers which suggest an alternative, more sociological, model. Survivors typically want to talk about the deceased and to talk with others who knew him or her. Together they construct a story that places the dead within their lives, a story capable of enduring through time. The purpose of grief is therefore the construction of a durable biography that enables the living to integrate the memory of the dead into their ongoing lives; the process by which this is achieved is principally conversation with others who knew the deceased. The process hinges on talk more than feeling; and the purpose entails moving on with, as well as without, the deceased. This kind of grief process is particularly necessary in a late...",521,17,10.1080/713685822,https://doi.org/10.1080/713685822,0.6950
Coe12,Growing Moral Relations: Critique of Moral Status Ascription,Mark Coeckelbergh,2012,,,,,,140,9.8,10.1057/9781137025968,https://doi.org/10.1057/9781137025968,0.6900
Dor22,FRIENDSHIP AND THE WISHES OF THE DEAD,D. Dorsey,2022,2022-05-23,Legal Theory,28,124 - 145,"ABSTRACT The wishes of the dead seem to have normative significance. We not only respect last wills and testaments, but we take seriously what the dead loved, what they valued, even after they have long escaped this mortal coil. But this presents a philosophical puzzle. Is this a normatively justified practice? Why should the fact that some dead person preferred state of affairs x to state of affairs y be a reason to bring about x rather than y—especially if there is otherwise reason to promote y rather than x? In this paper, I argue that extant solutions to this problem are inadequate and propose an alternative. I argue that the normative significance of the wishes of the dead is to be found not in the dead's well-being or interests, but instead in the relations of friendship we bear to the dead.",0,,10.1017/S1352325222000052,https://doi.org/10.1017/S1352325222000052,0.6800
Gun12,"The Machine Question: Critical Perspectives on AI, Robots, and Ethics",David J. Gunkel,2012,2012-07-13,,,,"One of the enduring concerns of moral philosophy is deciding who or what is deserving of ethical consideration. Much recent attention has been devoted to the ""animal question""--consideration of the moral status of nonhuman animals. In this book, David Gunkel takes up the ""machine question"": whether and to what extent intelligent and autonomous machines of our own making can be considered to have legitimate moral responsibilities and any legitimate claim to moral consideration. The machine question poses a fundamental challenge to moral thinking, questioning the traditional philosophical conceptualization of technology as a tool or instrument to be used by human agents. Gunkel begins by addressing the question of machine moral agency: whether a machine might be considered a legitimate moral agent that could be held responsible for decisions and actions. He then approaches the machine question from the other side, considering whether a machine might be a moral patient due legitimate moral consideration. Finally, Gunkel considers some recent innovations in moral philosophy and critical theory that complicate the machine question, deconstructing the binary agent--patient opposition itself. Technological advances may prompt us to wonder if the science fiction of computers and robots whose actions affect their human companions (think of HAL in 2001: A Space Odyssey) could become science fact. Gunkel's argument promises to influence future considerations of ethics, ourselves, and the other entities who inhabit this world.",419,30,10.7551/mitpress/8975.001.0001,https://doi.org/10.7551/mitpress/8975.001.0001,0.6700
Sch23,Wrongs to Us,S. Schaus,2023,,Michigan Law Review,,,"A huge number of tort suits in the United States are captioned Plaintiff & Spouse v. Defendant. Why? The answer is at once completely obvious and deeply puzzling. The plaintiff’s spouse is part of the case because, in almost every U.S. state, she has a claim against the defendant too—not for battery or negligence, as her spouse might, but for the loss of her spouse’s “consortium.” And yet, it’s not at all clear why a spouse should have a tort claim of this kind. A plaintiff who sues in tort, Judge Cardozo once explained, must always identify “ ‘a wrong’ to herself; i.e., a violation of her own right.” By this standard, however, a spouse’s consortium claim seems strange. The defendant violated her injured spouse’s rights, perhaps, but is it right to say the defendant violated hers too? At one point, tort law took the view that a husband had property rights in his wife, so that a wrong to his wife was a wrong to him too. That can’t be the right answer today, however, and it’s not clear whether there’s a more egalitarian rights-based answer to give. For that reason, rights-based theories of tort law tend to say that consortium claims have no proper place in a law of private wrongs, and critics of those theories can cite consortium claims as evidence that tort isn’t (all) about rights in the first place. In this Article, I suggest that both conclusions miss the mark. Consortium claims may have a natural place in a rights-based picture of tort law, so long as we have the right picture of rights (and rightsholders) in view. Partners in marriage-like relationships act together to construct a shared life, and that puts them in a position to hold joint claims against certain interferences with that life. Consortium suits make more sense, I propose, if we see them as a response to the violation of these joint claims—as a means to redress what partners in marriage-like relationships would rightly regard as “wrongs to us.”",2,0.6,10.36644/mlr.121.7.wrongs,https://doi.org/10.36644/mlr.121.7.wrongs,0.6500
Gun22,Should Robots Have Standing? From Robot Rights to Robot Rites,David J. Gunkel,2022,,Robophilosophy,,733-738,,0,,10.3233/FAIA220684,https://doi.org/10.3233/FAIA220684,0.6480
Cho19,"Regret, Resilience, and the Nature of Grief",M. Cholbi,2019,2019-08-23,Journal of Moral Philosophy,,,"Vain creatures that we are, most of us hope to be grieved after our deaths. To learn that our loved ones will not grieve for us or that their anguish will subside quickly might imply something unsettling about ourselves: that we really do not matter as much to others as we ordinarily suppose. Empirical studies of grief indicate that these egoistic hopes often go unrealized, however. Far from being permanent, the pains of grief, while often initially intense, tend to dissipate in a few months, rather than years. In the immediate aftermath of a spouse or loved one’s death, grief is nearly always detrimental to subjective well-being. Yet most individuals return to their antecedent level of well-being surprisingly quickly. Our apparent ability to move on, or move beyond grief, seems to indicate that our “emotional immune system” deals with the pain of loss with far more resilience than we might expect.1 In a well-regarded article, Dan Moller has argued that these empirical findings do not show that we fail to care (or care very little) about our loved ones while they are alive. However, such findings give us reason to regret our apparent resilience in the face of grief, according to Moller.2 Because our emotions enable us to “perceive value,” our apparent ability to adapt to the loss of our loved ones suggests that we eventually end up blind to the value of our loved ones and our relationships with them, he argues. We should thus regret this resilience on epistemic grounds, inasmuch as it precludes emotional engagement with our lost loved ones and “so deprives us of insight into our own condition.”3",38,5.6,10.1163/17455243-20180015,https://doi.org/10.1163/17455243-20180015,0.6400
Bel12,"Harm, change, and time.",C. Belshaw,2012,2012-10-01,The Journal of medicine and philosophy,37 5,"'
          425-44
        ","What is harm? I offer an account that involves the victim's either suffering some adverse intrinsic change or being prevented from enjoying some beneficial intrinsic change. No one is harmed, I claim, in virtue of relational changes alone. Thus (excepting for contrived cases), there are neither posthumous harms nor, in life, harms of the undiscovered betrayal, slander, reputation-damaging variety. Further, two widespread moves in the philosophy of death are rejected. First, death and posthumous are not to be assimilated--death does bring about adverse internal change and harms us straightforwardly. Second, Pitcher-type accounts of posthumous harm are criticized--posthumous events can thwart the satisfaction of my interests, but I am not harmed either just when this occurs or, earlier, when I first acquire or invest in those interests. We have other ways of describing what is going on.",3,0.2,10.1093/jmp/jhs040,https://doi.org/10.1093/jmp/jhs040,0.6300
Sto11,Duties to the dead? Earnest imagination and remembrance,P. Stokes,2011,2011-09-29,,,253-273,,7,0.5,,https://www.semanticscholar.org/paper/2c920ef42e4b7536cc33caf844d8bded81733900,0.6200
Qui22,Empathizing and Sympathizing With Robots: Implications for Moral Standing,O. Quick,2022,2022-01-03,Frontiers in Robotics and AI,8,,"This paper discusses the ethical nature of empathetic and sympathetic engagement with social robots, ultimately arguing that an entity which is engaged with through empathy or sympathy is engaged with as an “experiencing Other” and is as such due at least “minimal” moral consideration. Additionally, it is argued that extant HRI research often fails to recognize the complexity of empathy and sympathy, such that the two concepts are frequently treated as synonymous. The arguments for these claims occur in two steps. First, it is argued that there are at least three understandings of empathy, such that particular care is needed when researching “empathy” in human-robot interactions. The phenomenological approach to empathy—perhaps the least utilized of the three discussed understandings—is the approach with the most direct implications for moral standing. Furthermore, because “empathy” and “sympathy” are often conflated, a novel account of sympathy which makes clear the difference between the two concepts is presented, and the importance for these distinctions is argued for. In the second step, the phenomenological insights presented before regarding the nature of empathy are applied to the problem of robot moral standing to argue that empathetic and sympathetic engagement with an entity constitute an ethical engagement with it. The paper concludes by offering several potential research questions that result from the phenomenological analysis of empathy in human-robot interactions.",11,2.5,10.3389/frobt.2021.791527,https://doi.org/10.3389/frobt.2021.791527,0.6200
Cap19,Sympathy for Dolores: Moral Consideration for Robots Based on Virtue and Recognition,"M. Cappuccio, Anco Peeters, and W. McDonald",2019,2019-02-22,Philosophy & Technology,33,9 - 31,,47,6.5,10.1007/s13347-019-0341-y,https://doi.org/10.1007/s13347-019-0341-y,0.6100
Mcc14,Embodied Relationality and Caring after Death,J. McCarthy and Raia Prokhovnik,2014,2014-06-01,Body & Society,20,18 - 43,,40,3.3,10.1177/1357034X13506469,https://doi.org/10.1177/1357034X13506469,0.6060
San18,Aliveness and the Off-switch in Human-Robot Relations,E. Sandry,2018,,,,,,20,2.4,,https://www.semanticscholar.org/paper/2df831cc3d31f1fe0e1959bf7145e0889f3333ae,0.6000
Fei84,Harm to Others,J. Feinberg,1984,1984-07-05,,,,"In this volume, Feinberg focuses on the meanings of ""interest,"" the relationship between interests and wants, and the distinction between want-regarding and ideal-regarding analyses on interest and hard cases for the applications of the concept of harm. Examples of the ""hard cases"" are harm to character, vicarious harm, and prenatal and posthumous harm. Feinberg also discusses the relationship between harm and rights, the concept of a victim, and the distinctions of various quantitative dimensions of harm, consent, and offense, including the magnitude, probability, risk, and ""importance"" of harm.",353,8.4,10.2307/2185165,https://doi.org/10.2307/2185165,0.6000
Gar20,Grief and Composition as Identity,C. Garland,2020,2020-07-01,The Philosophical Quarterly,70,464-479,"'
 ‘It feels like I have lost a part of myself’ is frequently uttered by those grieving the death of a loved one. Despite the ubiquity of such utterances, and the palpable sense that they express something true, few philosophers have considered what, if anything, accounts for their truth. Here, I develop a suggestion from Donald Baxter according to which Composition as Identity provides us a means to understand the grief utterances literally. In doing so, I identify and develop a version of Leibniz's Law required for Composition as Identity to account for the truth of the grief utterances. In turn, this principle helps shed light on Composition as Identity's central claim: that the parts are identical to the whole. By considering objections to the resulting view, I construct a list of desiderata for other philosophers interested in accounting for the grief utterances.",0,,10.1093/pq/pqz083,https://doi.org/10.1093/pq/pqz083,0.5900
Lin13,Holding and Letting Go: The Social Practice of Personal Identities,Hilde Lindemann,2013,2013-12-03,,,,,115,9.2,10.1093/acprof:oso/9780199754922.001.0001,https://doi.org/10.1093/acprof:oso/9780199754922.001.0001,0.5850
Nel14,Holding and letting go : the social practice of personal identities,H. Nelson,2014,,,,,Preface Acknowledgments 1. What Child Is This? The Practice of Personhood 2. The Architect and The Bee: Calling the Fetus into Personhood 3. Second Persons: The Work of Identity Formation 4. Ordinary Identity-Work: How We Usually Go On 5. Struggling to Catch Up: Challenges to Identity-Work 6. What and When to Let Go: Identities at the End of Life 7. What Does It All Mean? References Index,95,7.7,10.5860/choice.185948,https://doi.org/10.5860/choice.185948,0.5800
Cho22,Grief as Attention,M. Cholbi,2022,2022-09-21,Journal of Consciousness Studies,,,"Abstract: Grief seems difficult to locate within familiar emotion taxonomies, as it is not a basic emotion nor a hybrid thereof. Here I propose that grief is better conceptualized as an emotionally rich attentional phenomenon rather than an emotion or sequence of emotions. In
 grieving that another person has died, the loss incurred by the grieving, etc. occupies the forefront of the grieving subject's consciousness while other candidate facts for their attention recede into the background. The former set of facts thus sit near the top of their mental 'priority
 structures' throughout a grief event. The hypothesis that grief is attentional helps to explain several common phenomenological features of grief experience, underpins a credible 'metaphysics' of grief, accounts for the extent to which grief is susceptible to choice and agency, and addresses
 a recent puzzle regarding our reasons to grieve and our apparent proclivity toward 'resilience' in the face of grief.",6,1.6,10.53765/20512201.29.9.063,https://doi.org/10.53765/20512201.29.9.063,0.5750
Sta12,"Species Trouble: Judith Butler, Mourning, and the Precarious Lives of Animals",James Stanescu,2012,2012-08-01,Hypatia,27,567 - 582,,86,6.2,10.1111/j.1527-2001.2012.01280.x,https://doi.org/10.1111/j.1527-2001.2012.01280.x,0.5700
Ric22b,Absence experience in grief,L. Richardson,2022,2022-03-10,European Journal of Philosophy,,,"In this paper, I consider the implications of grief for philosophical theorising about absence experience. I argue that whilst some absence experiences that occur in grief might be explained by extant philosophical accounts of absence experience, others need different treatment. I propose that grieving subjects' descriptions of feeling as if the world seems empty or a part of them seems missing can be understood as referring to a distinctive type of absence experience. In these profound absence experiences, I will argue, the absence of a person as a condition on various possibilities is made manifest in the structure of experience over time. Thus, by paying close attention to grief, we can see that even accounts of absence experience that are presented as in competition with one another may not be so, and that to explain all kinds of absence experience we sometimes need to appeal to something overlooked in other accounts, and which is neither straightforwardly perceptual or cognitive. I also suggest that we would have good reason to take such experiences to be part of and not merely psychological effects of grief. If there is any time in a life when we might expect experiences of absence to occur, it is during a period of grieving. After all, grief is a response to loss. Thus, we might hope that a philosophical account of absence experiences will be able to accommodate those that occur in grief. The philosophical debate about absence experience is primarily between perceptual and non-perceptual theorists. Focussing on cases in which a particular entity is saliently missing from the subject's surrounding environment, there has been disagreement about whether one can perceptually experience such an absence or whether instead the absence is experienced in virtue of having some other cognitive",8,1.9,10.1111/ejop.12778,https://doi.org/10.1111/ejop.12778,0.5650
Hed20,From an Individualist to a Relational Model of Grief,Lorraine Hedtke,2020,,,,455-463,,0,,10.4135/9781529714326.n44,https://doi.org/10.4135/9781529714326.n44,0.5600
Swe23,Could the destruction of a beloved robot be considered a hate crime? An exploration of the legal and social significance of robot love,Paula Sweeney,2023,2023-11-15,AI & SOCIETY,39,2735 - 2741,"In the future, it is likely that we will form strong bonds of attachment and even develop love for social robots. Some of these loving relations will be, from the human’s perspective, as significant as a loving relationship that they might have had with another human. This means that, from the perspective of the loving human, the mindless destruction of their robot partner could be as devastating as the murder of another’s human partner. Yet, the loving partner of a robot has no recourse to legal action beyond the destruction of property and can see no way to prevent future people suffering the same devastating loss. On this basis, some have argued that such a scenario must surely motivate legal protection for social robots. In this paper, I argue that despite the devastating loss that would come from the destruction of one’s robot partner, love cannot itself be a reason for granting robot rights. However, although I argue against beloved robots having protective rights, I argue that the loss of a robot partner must be socially recognised as a form of bereavement if further secondary harms are to be avoided, and that, if certain conditions obtain, the destruction of a beloved robot could be criminalised as a hate crime.",3,1.2,10.1007/s00146-023-01805-y,https://doi.org/10.1007/s00146-023-01805-y,0.5600
Coe10c,"Moral appearances: emotions, robots, and human morality",Mark Coeckelbergh,2010,2010-09-01,Ethics and Information Technology,12,235-241,,129,8.2,10.1007/s10676-010-9221-y,https://doi.org/10.1007/s10676-010-9221-y,0.5500
Kru24,Real Feeling and Fictional Time in Human-AI Interactions,Joel Krueger and Tom Roberts,2024,2024-04-12,Topoi,43,783 - 794,"As technology improves, artificial systems are increasingly able to behave in human-like ways: holding a conversation; providing information, advice, and support; or taking on the role of therapist, teacher, or counsellor. This enhanced behavioural complexity, we argue, encourages deeper forms of affective engagement on the part of the human user, with the artificial agent helping to stabilise, subdue, prolong, or intensify a person’s emotional condition. Here, we defend a fictionalist account of human/AI interaction, according to which these encounters involve an elaborate practise of imaginative pretence: a make-believe in which the artificial agent is attributed a life of its own. We attend, specifically, to the temporal characteristics of these fictions, and to what we imagine artificial agents are doing when we are not looking at them.",23,11,10.1007/s11245-024-10046-7,https://doi.org/10.1007/s11245-024-10046-7,0.5400
Mul21,Is it time for robot rights? Moral status in artificial entities,V. C. Müller,2021,2021-05-17,Ethics and Information Technology,23,579 - 587,"Some authors have recently suggested that it is time to consider rights for robots. These suggestions are based on the claim that the question of robot rights should not depend on a standard set of conditions for ‘moral status’; but instead, the question is to be framed in a new way, by rejecting the is/ought distinction, making a relational turn, or assuming a methodological behaviourism. We try to clarify these suggestions and to show their highly problematic consequences. While we find the suggestions ultimately unmotivated, the discussion shows that our epistemic condition with respect to the moral status of others does raise problems, and that the human tendency to empathise with things that do not have moral status should be taken seriously—we suggest that it produces a “derived moral status”. Finally, it turns out that there is typically no individual in real AI that could even be said to be the bearer of moral status. Overall, there is no reason to think that robot rights are an issue now.",52,10,10.1007/s10676-021-09596-w,https://doi.org/10.1007/s10676-021-09596-w,0.5400
Ric24,Shared emotion without togetherness: the case of shared grief,Louise Richardson,2024,2024-09-16,Synthese,204,,"I offer a philosophical account of shared grief, on which it is a process, undergone by a group, of recognising and accommodating significant possibilities that are lost to that group. In setting out from an understanding of grief’s distinctive characteristics, a philosophically interesting, metaphysically undemanding, and practically useful account of shared grief comes into view, that has broader consequences for understanding shared emotion.",2,1.2,10.1007/s11229-024-04760-3,https://doi.org/10.1007/s11229-024-04760-3,0.5250
Fel91,Some Puzzles About the Evil of Death,F. Feldman,1991,1991-04-01,The Philosophical Review,100,205-227,"Death is nothing to Epicureans. They do not fear or hate death. They do not view death as a misfortune for the deceased. They think death is no worse for the deceased than is not yet being born for the as yet unborn. They say that ordinary people, who look forward to their deaths with dismay, are in this irrational. Why do they hold these odd views? In his central argument for these conclusions, Epicurus says:",156,4.4,10.2307/2185300,https://doi.org/10.2307/2185300,0.5200
Coe10b,Do zombie robots have rights? Towards a social-relational justification of moral consideration,Mark Coeckelbergh,2010,2010-01-26,,,,"Should we grant moral consideration to artificially intelligent robots? Current robots do not meet the hard criteria set by current theories of moral status (consciousness, sentience, etc.) This is unlikely to change in the foreseeable future. At most, we will have ‘robot zombies’ that imitate consciousness, intentionality, sentience, emotions and other human features. Moreover, existing theories incur problems of consistency (comparable to the argument from marginal cases in animal ethics) and invite epistemological scepticism: How can we know for sure that an entity possesses a particular mental feature? 
 
In response to these difficulties, I offer an argument for moral consideration based on social relations. This can justify the intuition that we should grant some degree of moral consideration to artificially intelligent robots that participate in the social life. However, I also show that in order to further support this argument we need to we revise our existing ontological and social-political frameworks. A social-relational perspective cannot simply be added to existing accounts but challenges basic concepts such as intrinsic properties, the individual, and the natural/artificial distinction. Exploring the idea of a social ecology, I suggest an alternative approach to moral consideration that may assist us in shaping our relations to intelligent robots and, by extension, our relations to all artificial and biological entities that appear to us as more than instruments for our human purposes.",0,,,https://www.semanticscholar.org/paper/5a7092573adc12dae1b0730c9b43bd172c8b74b5,0.5200
Coe10d,"What is it like to be a robot? Natural empathy, artificial companions, and vulnerability mirroring",Mark Coeckelbergh,2010,,,,,"Can robots become companions, and if so, what are the necessary conditions and what are the ethical issues that might arise in human-robot companionship relations? I argue that the possibility and future of robots as companions depends (among other things) on the robot's capacity to be a recipient of human empathy and that a necessary condition for this to happen is that the robot mirrors human vulnerabilities. For the purpose of these arguments, I make a distinction between empathy-as-cognition and empathy-as-feeling, connecting the latter to the moral sentiment tradition and its concept of 'fellow feeling'. Furthermore, I show that we might have the intuition that vulnerability mirroring raises the ethical issue of deception, but that given contemporary technological developments we cannot justify the underlying assumption that artificial vulnerability is less real (and less significant or valuable) than natural vulnerability. On reflection, it becomes increasingly difficult to maintain a strict conceptual distinction between artificial and natural. I conclude that if we want to hold on to the deception argument, we need a convincing answer to these objections",0,,,https://www.semanticscholar.org/paper/054a094c2024b25e09bdeae147af865458f87507,0.5100
Sch20b,Two problems of fitting grief,Julius Schönherr,2020,2020-12-26,Analysis,,,"'
 Recent years have seen a surge in philosophical work on the rationality of grief. Much of this research is premised on the idea that people tend to grieve much less than would be appropriate or, as it is often called, fitting. My goal in this paper is diagnostic, that is, to articulate two never properly distinguished, and indeed often conflated, arguments in favour of the purported discrepancy between experienced and fitting grief: a metaphysical and a psychological argument. According to the former, grief is rationalized entirely by facts about the past. And because the past is unchangeable, grief can be said to remain forever fitting. According to the latter argument, humans’ emotional resilience causes grief to diminish at a faster rate than would be fitting. Which of these problems we end up facing depends on relatively subtle variations in the characterization of the losses that render grief appropriate .",6,1.1,10.1093/analys/anaa051,https://doi.org/10.1093/analys/anaa051,0.5050
Lev84,Harming Someone after His Death,B. Levenbook,1984,1984-04-01,Ethics,94,407 - 419,,79,1.9,10.1086/292557,https://doi.org/10.1086/292557,0.5000
Car20,Death of a Robot: Social Media Reactions and Language Usage when a Robot Stops Operating,E. Carter et al.,2020,2020-03-06,2020 15th ACM/IEEE International Conference on Human-Robot Interaction (HRI),,589-597,"People take to social media to share their thoughts, joys, and sorrows. A recent popular trend has been to support and mourn people and pets that have died as well as other objects that have suffered catastrophic damage. As several popular robots have been discontinued, including the opportunity Rover, Jibo, and Kuri, we are interested in how language used to mourn these robots compares to that to mourn people, animals, and other objects. We performed a study in which we asked participants to categorize deidentified Twitter reactions as referencing the death of a person, an animal, a robot, or another object. Most reactions were labeled as being about humans, which suggests that people use similar language to describe feelings for animate and inanimate entities. We used a natural language toolkit to analyze language from a larger set of tweets. A majority of tweets about opportunity included second-person (you”) and gendered third-person pronouns (she/he versus it), but terms like “R.I. P” were reserved almost exclusively for humans and animals. Our findings suggest that people verbally mourn robots similarly to living things, but reserve some language for people. CCS Concepts • Human-centered computing $\rightarrow$ Empirical Studies in HCI ACM Reference Format: Elizabeth Jeanne Carter, Samantha Reig, Xiang Zhi Tan, Gierad Laput, Stephanie Rosenthal, and Aaron Steinfeld. 2020. Death of a Robot: Social Media Reactions and Language Usage when a Robot Stops Operating. In Proceedings of the 2020 ACM/IEEE International Conference on Human-Robot Interaction (HRI’20), March 23-26, 2020, Cambridge, United Kingdom. ACM, New York, NY, USA, 9 pages. https://doi.org/10.1145/3319502.3374794",25,4.0,10.1145/3319502.3374794,https://doi.org/10.1145/3319502.3374794,0.4900
Pap12,Can we be harmed after we are dead?,D. Papineau,2012,2012-10-01,Journal of evaluation in clinical practice,18 5,"'
          1091-4
        ","Philosophers from antiquity onwards have asked whether we are harmed by death itself [1,2]. My question is different. I want to know whether we can be harmed by further events that happen after we are dead. While connected, the two questions are clearly distinct. Someone might think that death is normally a very bad thing for the deceased, yet hold that, once you are gone, you are beyond the reach of any further harms. This is not my view. I shall be arguing that, even after we are dead, we can be further harmed by subsequent events. This is not because I think that we somehow survive our deaths. I am quite convinced that once we are dead, we cease to exist in any sense. But even so I hold that events subsequent to our death can harm us. What happens after we are gone can make a genuine difference to our good or bad fortune. Note how my question has practical implications that are not raised by the more familiar question about death itself. On my view, we can well have reason to influence posthumous events so as to benefit the dead. For those who deny that people can be harmed after they are dead, their interests will cease to matter to others once they are gone. I disagree. I think that we can have reason to protect the interests of dead people.",12,0.9,10.1111/j.1365-2753.2012.01924.x,https://doi.org/10.1111/j.1365-2753.2012.01924.x,0.4800
Swe21,A fictional dualism model of social robots,P. Sweeney,2021,2021-04-08,Ethics and Information Technology,23,465 - 472,"In this paper I propose a Fictional Dualism model of social robots. The model helps us to understand the human emotional reaction to social robots and also acts as a guide for us in determining the significance of that emotional reaction, enabling us to better define the moral and legislative rights of social robots within our society. I propose a distinctive position that allows us to accept that robots are tools, that our emotional reaction to them can be important to their usefulness, and that this emotional reaction is not a direct indicator that robots deserve either moral consideration or rights. The positive framework of Fictional Dualism provides us with an understanding of what social robots are and with a plausible basis for our relationships with them as we bring them further into society.",24,4.7,10.1007/s10676-021-09589-9,https://doi.org/10.1007/s10676-021-09589-9,0.4800
Cla22,Social robots as depictions of social agents,Herbert H. Clark and K. Fischer,2022,2022-03-28,Behavioral and Brain Sciences,46,,"Abstract Social robots serve people as tutors, caretakers, receptionists, companions, and other social agents. People know that the robots are mechanical artifacts, yet they interact with them as if they were actual agents. How is this possible? The proposal here is that people construe social robots not as social agents per se, but as depictions of social agents. They interpret them much as they interpret ventriloquist dummies, hand puppets, virtual assistants, and other interactive depictions of people and animals. Depictions as a class consist of three physical scenes with part-by-part mappings between them: (a) a base scene (the raw physical artifact), (b) the depiction proper (the artifact construed as a depiction), and (c) the scene depicted (the scene people are to imagine). With social robots, evidence shows people form the same three scenes plus mappings: They perceive the raw machinery of a robot, construe it as a depiction of a character, and, using the depiction as a guide, engage in the pretense that they are interacting with the character depicted. With social robots, people also recognize three classes of agents – the characters depicted, the intended recipients of the depictions (those who view or interact with the robots), and the authorities responsible for the robots (the designers, makers, and owners). Construing social robots as depictions, we argue, accounts for many phenomena not covered by alternative models.",74,18,10.1017/S0140525X22000668,https://doi.org/10.1017/S0140525X22000668,0.4700
Deh23,Beyond ownership: Human–robot relationships between property and personhood,M. Dehnert and David J. Gunkel,2023,2023-07-31,New Media & Society,27,1110 - 1126,"As artificial intelligence (AI)-enabled social robots continue to enter our lifeworlds, we will need to grapple with challenges to assumptions about our relationship to and even with these technological objects. This essay works at the intersection of social robotics, legal studies, and human–machine communication to explore the concept of ownership in human–machine relations. In particular, we draw on more-than-human approaches to ask: To what extent should (need) we retire the concept of ownership in the context of AI-enabled social robots? With a particular emphasis on companion robots, we explore alternatives to the ownership modality by investigating concepts such as personhood, a degrees-of-relationship perspective, and a situational approach to understanding human–robot relationships. The goal is to re-imagine human–robot relationships beyond legal confinements by engaging a pragmatic perspective that supplements existing philosophical approaches. We conclude the paper by discussing practical implications of our proposed perspective.",10,3.5,10.1177/14614448231189260,https://doi.org/10.1177/14614448231189260,0.4700
Cal87,On Harming the Dead,J. Callahan,1987,1987-01-01,Ethics,97,341 - 352,,79,2.0,10.1086/292842,https://doi.org/10.1086/292842,0.4600
Unk09,死とは-新しい概念としての「関係性の死」の意義-,"恵雲 佐々木, S. Eun, and 藍野学院短期大学第一看護学科",2009,,,23,1-16,,0,,,https://www.semanticscholar.org/paper/ca54e63fa0efbc1d8a42cbd40c3fe66560fedf74,0.4500
Rat23,Grief over Non-Death Losses,M. Ratcliffe and Louise Richardson,2023,2023-06-09,Passion: Journal of the European Philosophical Society for the Study of Emotions,,,"Grief is often thought of as an emotional response to the death of someone we love. However, the term “grief” is also used when referring to losses of various other kinds, as with grief over illness, injury, unemployment, diminished abilities, relationship breakups, or loss of significant personal possessions. Complementing such uses, we propose that grief over a bereavement and other experiences of loss share a common phenomenological structure: one experiences the loss of certain possibilities that were integral to—and perhaps central to—the unfolding structure of one’s life. Grief can thus be conceived of in a broad but still univocal way. To develop this position, we focus on the example of grief over involuntary childlessness, where lack of a concrete, historical object of emotion serves to make explicit the way in which grief concerns future possibilities. We go on to suggest that the phenomenological complexity, diversity, and prevalence of grief are obscured when approached via an abstract, simplified conception of bereavement.",12,4.0,10.59123/passion.v1i1.12287,https://doi.org/10.59123/passion.v1i1.12287,0.4400
Cas19,‘I’ve no fear of dying alone’: exploring perspectives on living and dying alone,G. Caswell and Mórna O'Connor,2019,2019-01-02,Mortality,24,17 - 31,"Abstract Dying alone is portrayed as undesirable in terms of policy, health and social care provision, the wishes of family and friends, and in popular culture. Despite this, people do often die alone, both in institutional and domestic settings. This paper reports findings from a study which explored ways of investigating individuals’ perspectives on dying alone at home. It tested methods of recruitment and data collection, gathered preliminary data and explored the ethical issues involved. Interviews with 11 older people living alone and 7 hospice at home nurses are reported here. For the older people, the idea of dying alone was less problematic than the idea of needing care and support from others, and the perceived loss of independence that this would entail. Participants reacted in differing ways to threats to their independence, but all utilised a form of relational reflexivity when considering the effect their actions might have on others. The nurses would prefer no one to die alone, but believed they had seen patients managing their own dying so that they could be alone at the moment of death. The paper suggests that dying alone may be a problem for survivors, rather than for the person who is dying.",21,2.8,10.1080/13576275.2017.1413542,https://doi.org/10.1080/13576275.2017.1413542,0.4300
Liu26,Research on the moral status of social robots based on relational continuity,Min Liu and Yingying Wang,2026,2026-01-02,South African Journal of Philosophy,45,78 - 89,"Concerns about the moral status of social robots have drawn a lot of attention and debate due to the quick development of artificial intelligence technology. There are differing degrees of shortcomings in the standards used by the intrinsic property, relational ethics and ethical behaviourism approaches to determine moral status. As a result, relational continuity is suggested in this work as the primary standard for determining the moral status of social robots. With an emphasis on the socially interactive consequences of human activities, this article contends that moral judgment should be based on their irreplaceability in social relational networks. Based on this, an interaction embeddedness/functional dependency/emotional connection three-dimensional assessment model is developed. By striking a balance between theoretical rigour and practical viability, this standard not only closes the gaps between conventional methods, but also provides a fresh avenue for the normative design of artificial intelligence ethics.",0,,10.1080/02580136.2026.2638052,https://doi.org/10.1080/02580136.2026.2638052,0.4100
Pee10,"Social Birth of Stillborn Children: The Body as Matter, the Body as Person",J. Peelen,2010,,,,235-246,,0,,,https://www.semanticscholar.org/paper/9c4e6b24f8f9993a67e894bff770ebe0cd09344d,0.4000
Tur20,A Relative Absence: Exploring Professional Experiences of Funerals Without Mourners,N. Turner and G. Caswell,2020,2020-09-16,OMEGA-Journal of Death and Dying,85,868 - 886,"When someone dies, it is usual for relatives to gather at a funeral to embody a collective act of eulogy for the deceased and stand against the finality of death. When someone who lived alone dies alone at home, it is not always possible to identify anyone to attend a funeral. In such cases, funeral professionals are required to perform the appropriate social rites in the absence of the confirmatory power of a society. Drawing on interviews with funeral professionals and ethnographic observations of funerals without mourners, we explore how professionals understand their roles in performing social rites against death when there is no one to participate in them. We consider the impact of attempting to make good a death generally perceived as bad, and we examine the significance of funerals as a social rite when the deceased is assumed to have forgone social relationships during their lifetime.",12,2.1,10.1177/0030222820959960,https://doi.org/10.1177/0030222820959960,0.3600
Obe25,"""It was Tragic"": Exploring the Impact of a Robot’s Shutdown",Agam Oberlender and Hadas Erel,2025,2025-08-25,2025 34th IEEE International Conference on Robot and Human Interactive Communication (RO-MAN),,2133-2140,"It is well established that people perceive robots as social entities, even when they are not designed for social interaction. We evaluated whether the social interpretation of robotic gestures should also be considered when turning off a robot. In the experiment, participants engaged in a brief preliminary neutral interaction while a robotic arm showed interest in their actions. At the end of the task, participants were asked to turn off the robotic arm under two conditions: (1) a Non-designed condition, where all of the robot’s engines were immediately and simultaneously turned off, as robots typically shut down; (2) a Designed condition, where the robot’s engines gradually folded inward in a motion resembling ""falling asleep."" Our findings revealed that all participants anthropomorphized the robot’s movement when it was turned off. In the Non-designed condition, most participants interpreted the robot’s turn-off movement negatively as if the robot had ""died."" In the Designed condition, most of the participants interpreted it more neutrally, stating that the robot: ""went to sleep."" The robot’s turn-off movement also impacted its perception, leading to higher likeability, perceived intelligence, and animacy in the Designed condition. We conclude that the impact of common edge interactions, such as turning off a robot, should be carefully designed while considering people’s automatic tendency to perceive robots as social entities.",0,,10.1109/RO-MAN63969.2025.11217870,https://doi.org/10.1109/RO-MAN63969.2025.11217870,0.3300
Fre24,Lessons From an App Update at Replika AI: Identity Discontinuity in Human-AI Relationships,"Julian De Freitas, Noah Castelo, A. Uğuralp, and Zeliha O. Uguralp",2024,2024-12-10,ArXiv,abs/2412.14190,,"Can consumers form especially deep emotional bonds with AI and be vested in AI identities over time? We leverage a natural app-update event at Replika AI, a popular US-based AI companion, to shed light on these questions. We find that, after the app removed its erotic role play (ERP) feature, preventing intimate interactions between consumers and chatbots that were previously possible, this event triggered perceptions in customers that their AI companion's identity had discontinued. This in turn predicted negative consumer welfare and marketing outcomes related to loss, including mourning the loss, and devaluing the""new""AI relative to the""original"". Experimental evidence confirms these findings. Further experiments find that AI companions users feel closer to their AI companion than even their best human friend, and mourn a loss of their AI companion more than a loss of various other inanimate products. In short, consumers are forming human-level relationships with AI companions; disruptions to these relationships trigger real patterns of mourning as well as devaluation of the offering; and the degree of mourning and devaluation are explained by perceived discontinuity in the AIs identity. Our results illustrate that relationships with AI are truly personal, creating unique benefits and risks for consumers and firms alike.",27,18,10.48550/arXiv.2412.14190,https://doi.org/10.48550/arXiv.2412.14190,0.3200
Fra19,How do we feel when a robot dies? Emotions expressed on Twitter before and after hitchBOT’s destruction,"Kathleen C. Fraser, Frauke Zeller, David Harris Smith, Saif M. Mohammad, and Frank Rudzicz",2019,2019-06-01,WASSA@NAACL-HLT,,62-71,"In 2014, a chatty but immobile robot called hitchBOT set out to hitchhike across Canada. It similarly made its way across Germany and the Netherlands, and had begun a trip across the USA when it was destroyed by vandals. In this work, we analyze the emotions and sentiments associated with words in tweets posted before and after hitchBOT’s destruction to answer two questions: Were there any differences in the emotions expressed across the different countries visited by hitchBOT? And how did the public react to the demise of hitchBOT? Our analyses indicate that while there were few cross-cultural differences in sentiment towards hitchBOT, there was a significant negative emotional reaction to its destruction, suggesting that people had formed an emotional connection with hitchBOT and perceived its destruction as morally wrong. We discuss potential implications of anthropomorphism and emotional attachment to robots from the perspective of robot ethics.",24,3.4,10.18653/v1/W19-1308,https://doi.org/10.18653/v1/W19-1308,0.3100
Mar19,The Sociality of Death:,Marina Marouda,2019,2019-07-16,Articulate Necrographies,,,,0,,10.2307/j.ctv1850grt.10,https://doi.org/10.2307/j.ctv1850grt.10,0.3000
Dav12,What is life worth? A rough guide to valuation.,Christopher Davis,2012,2012-12-01,Medical anthropology quarterly,26 4,"'
          503-17
        ","In this speculative article, the aim is to elaborate a definition of life that is not biological, and a valuation of it that is not commodified. This is undertaken by the development of an understanding of death as a process which is embedded in the life of a community. The idea is that we can best understand what life is worth by first understanding what death means.",6,0.4,10.1111/maq.12004,https://doi.org/10.1111/maq.12004,0.2800
